,repo,y,forks_count,is_link_in_description,doc_terms_in_readme,png_count,avg_folder_depth,md_count,html_count,doc_in_description_or_title,hw_terminology_file_or_dir_names,hw_in_description_or_title,file_folder_ratio,is_io_page,avg_entropy,repo_size,intro_or_course_in_description_or_title,pdf_count,up_to_dateness,watcher_count,source_code_file_ratio,website_in_description_or_title,open_issue_count,file_count,edu_mail_ratio,hw_terminology_commits
0,https://github.com/briantemple/homeworkr,DEV,2,0,0,0.007246376811594203,2.606060606060606,0.0,0.028985507246376812,0,13,3,3.0,0,0.5212971456481192,226,0,0.0,156615801.189799,6,0.5144927536231884,0,0,138,0.0,7
1,https://github.com/spring-projects/spring-boot,DEV,9208,0,0,0.0018810251587114979,8.118290258449305,0.0,0.017634610862920293,0,8,0,1.4510406004776526,0,0.6110450816654757,47573,0,0.0,4033.105164,9730,0.7585233952504115,0,568,4253,0.007633587786259542,35
2,https://github.com/facebook/react,DEV,10557,0,12,0.07599629286376275,3.1913043478260867,203.0,0.04170528266913809,0,0,0,5.9944444444444445,0,0.6461524578673645,112942,0,0.0,36782.274063,58168,0.48007414272474513,0,695,1079,0.006829268292682927,63
3,https://github.com/nodegit/nodegit,DEV,362,0,49,0.0,4.773648648648648,19.0,0.0,0,1,0,9.119891008174386,0,0.62851857597542,29240,0,0.0,215164.990888,2395,0.43143113235733493,0,163,3347,0.016129032258064516,3
4,https://github.com/scipy/scipy,DEV,1638,0,38,0.012027491408934709,4.786127167630058,0.0,0.000859106529209622,0,0,0,9.948717948717949,0,0.5595389573613598,66082,0,0.000429553264604811,10631.295509,2825,0.38316151202749144,0,948,2328,0.06521739130434782,53
5,https://github.com/spez/RottenTomatoes,HW,0,0,5,0.0,2.6875,3.0,0.0,0,0,1,4.466666666666667,0,0.6263127138150778,2064,0,0.0,82672191.068096,0,0.21641791044776118,0,1,134,0.0,0
6,https://github.com/m2mtech/calculator-2015,HW,25,0,0,0.23076923076923078,2.25,1.0,0.0,0,0,0,2.1666666666666665,0,0.6409332625629004,518,0,0.0,18685091.245035,71,0.3076923076923077,0,1,26,0.0,76
7,https://github.com/bcaffo/751and2,HW,25,0,0,0.20224719101123595,1.8,16.0,0.08426966292134831,0,11,0,8.090909090909092,0,0.8009733118346846,16773,0,0.09550561797752809,35873673.115393,7,0.0056179775280898875,0,2,178,0.0,2
8,https://github.com/HPI-SWA-Teaching/SWT16-Project-08,HW,5,0,1,0.0,3.8636363636363638,27.0,0.0,0,12,0,6.64,0,0.5350898035645462,328,0,0.0,8422508.316946,0,0.0,0,0,498,0.0,1
9,https://github.com/uwhpsc-2016/example-python-homework,HW,7,0,0,0.0,1.0,1.0,0.0,0,1,3,2.3333333333333335,0,0.49422375637390575,7,0,0.0,24779867.452712,0,0.5714285714285714,0,4,7,0.0,2
10,https://github.com/DataScienceSpecialization/courses,EDU,23456,1,11,0.3045730166750884,7.312017640573319,235.0,0.04080343607882769,0,3,0,5.425633995887594,0,0.7531254905467999,1083379,3,0.00025265285497726126,10327508.085603,2391,0.4113188479029813,0,89,7916,0.06666666666666667,9
11,https://github.com/githubteacher/intro-november-2015,EDU,22,0,2,0.0,1.0,20.0,0.0,0,2,0,14.5,0,0.4884499886768733,999,2,0.0,36232738.912298,13,0.034482758620689655,0,45,29,0.0,4
12,https://github.com/alex/what-happens-when,EDU,942,0,0,0.0,1.0,0.0,0.0,0,0,0,1.5,0,0.397463945624839,194,0,0.0,857687.899437,13174,0.0,0,91,3,0.04225352112676056,1
13,https://github.com/MostlyAdequate/mostly-adequate-guide,EDU,780,0,6,0.2054794520547945,3.2857142857142856,19.0,0.0136986301369863,0,20,0,3.3181818181818183,0,0.7253101586250285,4319,0,0.0,1054831.683208,10344,0.3150684931506849,0,39,73,0.0,32
14,https://github.com/AllThingsSmitty/jquery-tips-everyone-should-know,EDU,439,0,0,0.0,1.7142857142857142,8.0,0.0,0,0,0,3.3333333333333335,0,0.5959334102632533,252,0,0.0,11291251.369915,3845,0.6666666666666666,0,3,30,0.0,0
15,https://github.com/CMSgov/HealthCare.gov-Styleguide,DOCS,22,0,24,0.050314465408805034,2.1538461538461537,4.0,0.012578616352201259,0,2,0,9.352941176470589,0,0.6812238869161732,40862,0,0.0,16827658.825998,35,0.018867924528301886,0,5,159,0.0,0
16,https://github.com/github/maturity-model,DOCS,8,0,1,0.14285714285714285,1.0,2.0,0.0,0,1,0,2.3333333333333335,0,0.5649587047583563,1623,0,0.0,21432666.836616,24,0.0,0,1,7,0.0,1
17,https://github.com/raspberrypi/documentation,DOCS,684,0,89,0.22676579925650558,2.6458333333333335,141.0,0.0,2,0,0,3.448717948717949,0,0.7014770434905888,50289,0,0.0,14538.178736,1235,0.0,0,117,269,0.0136986301369863,1
18,https://github.com/bundestag/gesetze,DOCS,135,0,0,0.0,1.9998412698412698,6300.0,0.0,0,0,0,1.3690532637901058,0,0.7010542369664168,185337,0,0.0,81606704.2864,1336,0.0,0,38,8662,0.0,0
19,https://github.com/fsr-itse/docs,DOCS,7,0,0,0.0,1.0,4.0,0.0,1,0,0,2.5,0,0.48149856400555996,51,0,0.0,534318.889706,14,0.0,0,1,5,0.14285714285714285,0
20,https://github.com/BloombergMedia/whatiscode,WEB,221,0,0,0.2099056603773585,2.25,3.0,0.01179245283018868,0,0,0,9.422222222222222,0,0.8271547182360371,52036,0,0.0,13941967.734915,2786,0.16037735849056603,0,59,424,0.0,0
21,https://github.com/JaceRobinson8/jacerobinson8.github.io,WEB,0,0,0,0.09859154929577464,2.142857142857143,1.0,0.014084507042253521,0,0,0,3.736842105263158,1,0.6660251993922489,11745,0,0.0,322738.466999,0,0.14084507042253522,0,0,71,1.0,0
22,https://github.com/rubymonstas-zurich/rubymonstas-zurich.github.io,WEB,2,0,0,0.041176470588235294,2.7941176470588234,1.0,0.052941176470588235,0,53,0,2.2666666666666666,1,0.8574885274759139,35607,0,0.0,604477.641826,0,0.041176470588235294,1,0,170,0.0,7
23,https://github.com/ianli/elbowpatched-boilerplate,WEB,5,0,2,0.25,1.4,1.0,0.08333333333333333,0,0,0,3.0,0,0.7445089438352402,1784,0,0.0,62875576.351922,11,0.0,1,0,24,0.0,0
24,https://github.com/whoisjuan/whoisjuan.github.io,WEB,3,0,0,0.15302013422818792,3.1842105263157894,1.0,0.09261744966442953,0,0,0,12.016129032258064,1,0.6333085883064307,77054,0,0.0,664117.304461,0,0.05503355704697987,0,0,745,0.0,2
25,https://github.com/ericfischer/housing-inventory,DATA,16,0,0,0.0,1.8888888888888888,1.0,0.0,0,0,0,6.127659574468085,0,0.5799082209408294,9465,0,0.0,8371426.056435,106,0.0,0,0,288,0.5,0
26,https://github.com/GSA/data,DATA,63,0,0,0.03508771929824561,1.0,3.0,0.017543859649122806,0,0,0,14.25,0,0.6309971334160611,1537,0,0.0,494117.644329,154,0.0,0,13,57,0.0,0
27,https://github.com/OpenExoplanetCatalogue/open_exoplanet_catalogue,DATA,169,0,1,0.0,1.0,1.0,0.0,0,0,0,1366.0,0,0.6277524879405354,18330,0,0.0,61807.316703,398,0.0005490483162518302,0,102,5464,0.05,5
28,https://github.com/Hipo/university-domains-list,DATA,59,0,0,0.0,1.0,1.0,0.0,0,0,0,2.5,0,0.4867724014603539,826,0,0.0,49087.845239,118,0.0,0,3,5,0.030303030303030304,2
29,https://github.com/minimaxir/big-list-of-naughty-strings,DATA,734,0,0,0.0,1.3333333333333333,1.0,0.0,0,0,0,3.0,0,0.6063858960635611,310,0,0.0,26860.148711,19043,0.4,0,28,15,0.0,0
30,https://github.com/BloombergMedia/whatiscode,WEB,221,0,0,0.2099056603773585,2.25,3.0,0.01179245283018868,0,0,0,9.422222222222222,0,0.8271547182360371,52036,0,0.0,13941967.734915,2786,0.16037735849056603,0,59,424,0.0,0
31,https://github.com/JaceRobinson8/jacerobinson8.github.io,WEB,0,0,0,0.09859154929577464,2.142857142857143,1.0,0.014084507042253521,0,0,0,3.736842105263158,1,0.6660251993922489,11745,0,0.0,322738.466999,0,0.14084507042253522,0,0,71,1.0,0
32,https://github.com/ianli/elbowpatched-boilerplate,WEB,5,0,2,0.25,1.4,1.0,0.08333333333333333,0,0,0,3.0,0,0.7445089438352402,1784,0,0.0,62875576.351922,11,0.0,1,0,24,0.0,0
33,https://github.com/nasa/code-nasa-gov,WEB,25,0,0,0.36363636363636365,1.375,1.0,0.16363636363636364,0,0,0,5.5,0,0.7967593711229194,29759,0,0.0,42167.575503,145,0.03636363636363636,0,21,55,0.0,0
34,https://github.com/mpv-player/mpv-player.github.io,WEB,5,1,0,0.08823529411764706,1.2727272727272727,0.0,0.20588235294117646,0,0,0,2.4285714285714284,1,0.6553588634351244,2915,0,0.0,101627.28146,12,0.08823529411764706,0,2,34,0.0,0
35,https://github.com/iawe/iawe.github.io,WEB,0,0,0,0.4186046511627907,1.2,1.0,0.023255813953488372,0,0,0,6.142857142857143,1,0.7485993953651721,2299,0,0.0,29256924.335988,0,0.046511627906976744,0,0,43,0.5,0
36,https://github.com/Lucifier129/Lucifier129.github.io,WEB,41,0,1,0.016835016835016835,3.2885906040268456,45.0,0.045454545454545456,0,0,0,7.425,1,0.6345428458627761,45560,0,0.0,2374731.737944,219,0.4511784511784512,0,10,1782,0.0,0
37,https://github.com/DataScienceSpecialization/DataScienceSpecialization.github.io,WEB,2457,1,0,0.0,1.0,14.0,0.25,0,0,0,4.8,1,0.5870434015703491,558,0,0.0,1143942.161814,1250,0.0,0,6,24,0.0,3
38,https://github.com/Azure/azure.github.io,WEB,24,0,2,0.09433962264150944,3.4782608695652173,2.0,0.16037735849056603,0,0,0,0.9636363636363636,1,0.5795303329809209,4484,0,0.0,4053227.882963,14,0.03773584905660377,0,2,106,0.0,0
39,https://github.com/emberjs/website,WEB,1246,0,2,0.49034038638454464,3.2,299.0,0.0,0,2,0,10.254716981132075,0,0.7870898377346633,59931,0,0.0,91683.020834,547,0.040478380864765406,1,26,1087,0.0065005417118093175,23
40,https://github.com/mono/website,WEB,324,0,2,0.2833333333333333,3.8074074074074074,955.0,0.012,0,3,0,4.838709677419355,0,0.7355421825133698,54546,0,0.0,271938.219819,171,0.0006666666666666666,1,7,1500,0.014184397163120567,2
41,https://github.com/destinygg/website,WEB,37,0,1,0.3235294117647059,2.9682539682539684,2.0,0.0,0,2,0,4.675,0,0.7148327318659062,49690,0,0.0,455065.445239,52,0.5,1,15,374,0.0,17
42,https://github.com/ppi/website,WEB,24,0,1,0.14666666666666667,3.6440677966101696,1.0,0.0,0,0,0,2.227722772277228,0,0.6501707899249289,9803,0,0.0,21598954.188516,21,0.4577777777777778,2,10,225,0.0,0
43,https://github.com/developer-portal/website,WEB,30,0,4,0.32460732984293195,1.6666666666666667,4.0,0.14136125654450263,0,0,0,10.61111111111111,0,0.7753835731224954,9777,0,0.0,4013583.894965,19,0.09424083769633508,1,10,191,0.0,0
44,https://github.com/datproject/website,WEB,24,0,0,0.3380281690140845,1.7142857142857142,16.0,0.08450704225352113,0,0,0,5.916666666666667,0,0.700323119731215,55258,0,0.0,284669.044353,21,0.07042253521126761,2,1,71,0.0,0
45,https://github.com/railsinstaller/website,WEB,20,0,5,0.11267605633802817,2.0952380952380953,3.0,0.06338028169014084,0,0,0,4.896551724137931,0,0.6681519630116626,6233,0,0.0,1987990.130505,26,0.07746478873239436,2,1,142,0.0,0
46,https://github.com/wics-uw/website,WEB,37,1,4,0.12195121951219512,2.4615384615384617,98.0,0.2073170731707317,0,0,0,8.2,0,0.6424375841092473,367,0,0.0,273195.433582,8,0.018292682926829267,1,9,164,0.075,3
47,https://github.com/DevOpsBootcamp/website,WEB,22,0,0,0.45,1.4,1.0,0.01,1,1,0,14.285714285714286,0,0.8017799006016726,64450,0,0.0,4324674.036531,20,0.05,1,7,100,0.0,10
48,https://github.com/sagemath/website,WEB,25,0,9,0.11814611154752554,5.66984126984127,1.0,0.8262372348782404,0,1,0,11.875,0,0.6439810562594058,77098,0,0.0,346552.273052,12,0.007069913589945012,2,21,6365,0.13793103448275862,3
49,https://github.com/FOSDEM/website,WEB,19,0,6,0.19621749408983452,2.696969696969697,1.0,0.18912529550827423,0,0,0,9.195652173913043,0,0.6773293878319188,43630,0,0.0,265717.007445,17,0.0851063829787234,2,0,423,0.0,5
50,https://github.com/ProseMirror/website,WEB,25,0,2,0.3137254901960784,2.2,7.0,0.21568627450980393,0,0,0,4.636363636363637,0,0.7091301436552602,867,0,0.0,128735.143002,15,0.21568627450980393,2,3,102,0.16666666666666666,0
51,https://github.com/nasa/api-docs,WEB,38,0,0,0.07692307692307693,2.125,3.0,0.0,2,0,0,3.5454545454545454,0,0.6288370326279576,6566,0,0.0,951434.589056,153,0.28205128205128205,0,39,39,0.0,0
52,https://github.com/ehsteve/NASA-rocket-science.github.io,WEB,0,0,0,0.08333333333333333,1.0,2.0,0.2916666666666667,0,0,0,2.823529411764706,1,0.6336461421715219,306,0,0.0,19543045.112754,0,0.14583333333333334,0,0,48,0.0,0
53,https://github.com/barshamaharjan/barshamaharjan.github.io,WEB,0,0,0,0.15476190476190477,1.5714285714285714,0.0,0.011904761904761904,0,0,0,4.9411764705882355,1,0.7466384229714267,2979,0,0.0,37206155.338414,0,0.11904761904761904,0,0,84,0.0,0
54,https://github.com/jimeh/jimeh.me-api,WEB,0,0,0,0.0,1.3333333333333333,17.0,0.0,0,0,0,4.375,0,0.5449426246743285,176,0,0.0,46490686.462694,1,0.22857142857142856,0,0,35,0.0,0
55,https://github.com/corefan/playfuljs,WEB,0,0,0,0.16901408450704225,1.9090909090909092,5.0,0.07042253521126761,0,0,0,4.4375,0,0.7552019699083643,5331,0,0.0,79472952.945339,0,0.0,0,0,71,0.0,0
56,https://github.com/amyboyd/amyboyd.co.uk,WEB,1,0,0,0.0410958904109589,2.0,8.0,0.1643835616438356,0,0,0,4.294117647058823,0,0.7131907532132711,5842,0,0.0,7535448.606075,1,0.0273972602739726,0,0,73,0.0,1
57,https://github.com/tskharva/thomasdavis.github.io,WEB,0,0,2,0.2222222222222222,2.6842105263157894,4.0,0.2777777777777778,0,0,0,2.6666666666666665,1,0.7208088516991897,870,0,0.0,108145033.053248,0,0.027777777777777776,0,0,144,0.0,1
58,https://github.com/menardmb/kleptocreations.com,WEB,0,0,0,0.26842105263157895,3.736842105263158,0.0,0.1736842105263158,0,0,0,3.5849056603773586,0,0.664904800854407,412,0,0.0,159421620.530382,1,0.03684210526315789,0,0,190,0.0,0
59,https://github.com/Jarreddebeer/breaktherules,WEB,0,0,0,0.4148148148148148,2.9,1.0,0.02962962962962963,0,0,0,7.105263157894737,0,0.798866410163726,1140,0,0.0,55263754.778342,0,0.07407407407407407,1,0,135,0.5,0
60,https://github.com/stuntguy3000/stuntguy3000.github.io,WEB,0,0,0,0.1,1.0,0.0,0.4,0,0,0,1.25,1,0.6469281200133163,196,0,0.0,12944871.729237,0,0.3,0,0,10,0.0,0
61,https://github.com/asoborov/www.instead,WEB,0,1,0,0.460431654676259,1.25,22.0,0.10071942446043165,0,0,0,9.928571428571429,0,0.8262331585230754,3454,0,0.0,90336853.04522,0,0.050359712230215826,0,0,139,0.0,0
62,https://github.com/sigifredo/CaguappPagina,WEB,0,0,0,0.5869565217391305,1.0,0.0,0.13043478260869565,0,0,0,11.5,0,0.7978120096137096,409,0,0.0,76368693.85861,0,0.043478260869565216,0,0,46,0.0,0
63,https://github.com/kamilrextin/KamilWebSite,WEB,0,0,0,0.4801980198019802,3.0,1.0,0.0049504950495049506,0,0,0,7.481481481481482,0,0.8373663375211876,6456,0,0.0,94082140.60117,0,0.06930693069306931,1,0,202,0.0,0
64,https://github.com/ikew0ng/Blog,WEB,5,0,0,0.35772357723577236,3.710144927536232,0.0,0.14634146341463414,0,0,0,4.823529411764706,0,0.7101858131057995,11345,0,0.0,100750809.158539,0,0.16260162601626016,0,2,492,0.0,45
65,https://github.com/rockheart/rockheart.github.io,WEB,0,0,0,0.25,1.0,0.0,0.125,0,0,0,1.6,1,0.6135070831036888,120,0,0.0,62522178.087523,0,0.125,0,0,8,0.0,0
66,https://github.com/ryan-c-lewis/under_codestruction,WEB,0,0,0,0.02830188679245283,2.5454545454545454,2.0,0.0,0,0,0,3.4193548387096775,0,0.621085662629977,1077,0,0.0,62525090.132429,0,0.6509433962264151,1,0,106,0.5,0
67,https://github.com/tcsthyc/hexoPB,WEB,0,0,0,0.06779661016949153,2.3846153846153846,0.0,0.3728813559322034,0,0,0,1.5526315789473684,0,0.7249388770647248,792,0,0.0,18040288.083468,0,0.11864406779661017,0,0,59,0.0,0
68,https://github.com/CamZHU/camzhu.github.io,WEB,0,0,0,0.02040816326530612,1.0,2.0,0.14285714285714285,0,0,0,6.125,1,0.6262654223685357,15150,0,0.0,4602445.308634,0,0.0,1,0,49,0.0,0
69,https://github.com/samuderapase/ILC2,WEB,0,0,0,0.1391509433962264,5.202898550724638,1.0,0.049528301886792456,0,0,0,3.623931623931624,0,0.6855843135028586,2968,0,0.0,130582864.453577,0,0.44575471698113206,0,0,424,0.0,0
70,https://github.com/nicolas-navarro-guerrero/my-cv-templates,OTHER,0,0,2,0.05454545454545454,1.0,3.0,0.0,0,0,0,11.0,0,0.7425787616244804,2249,0,0.03636363636363636,28631011.543037,0,0.0,0,0,55,0.0,0
71,https://github.com/nasa/nasa-latex-docs,OTHER,14,0,0,0.03333333333333333,2.142857142857143,1.0,0.0,1,0,0,2.727272727272727,0,0.5348968914188101,332,0,0.5,12209304.313688,77,0.03333333333333333,0,1,30,0.0,0
72,https://github.com/jdavis/latex-homework-template,OTHER,133,0,0,0.5,1.0,2.0,0.0,0,2,2,4.666666666666667,0,0.7818754551119482,999,0,0.07142857142857142,5100898.07962,260,0.0,0,1,14,0.0,3
73,https://github.com/mweinberger-tgm/Dokumentenvorlage,OTHER,0,1,0,0.09090909090909091,1.0,1.0,0.0,0,0,0,2.75,0,0.6197475576247622,281,0,0.2727272727272727,32159084.797909,1,0.0,0,0,11,1.0,0
74,https://github.com/graymd/test_global_gitignore_repo,OTHER,0,0,0,0.0,1.0,1.0,0.0,0,0,0,1.25,0,0.12711900495809705,120,0,0.0,58773094.771895,0,0.0,0,0,5,0.0,0
75,https://github.com/Basqiat/python,OTHER,0,0,0,0.0,1.0,1.0,0.0,0,0,0,1.5,0,0.13715314996507957,108,0,0.0,107028686.738518,0,0.3333333333333333,0,0,3,0.0,0
76,https://github.com/Chummel/week2-hello-world,OTHER,1,0,0,0.0,1.0,0.0,0.0,0,0,0,2.5,0,0.45053793513017143,5,0,0.0,31036752.584466,0,0.4,0,0,5,0.0,0
77,https://github.com/Nameless13/learngit,OTHER,0,0,20,0.0,5.666666666666667,52.0,0.0,0,2,0,4.2,0,0.5980637434133893,266,0,0.0,2297343.558516,0,0.47619047619047616,0,0,336,0.0,0
78,https://github.com/arunsubhash/GitHubHelloWorld,OTHER,0,0,0,0.0,1.0,1.0,0.0,0,0,0,1.5,0,0.36667127163936714,120,0,0.0,51243690.417801,0,0.3333333333333333,0,0,3,0.0,0
79,https://github.com/lgtcarol/class-design,OTHER,0,0,0,0.0,1.0,1.0,0.0,0,0,0,2.5,0,0.52755460029887,104,0,0.0,101734244.121727,0,0.2,0,0,5,0.0,0
80,https://github.com/khambro/js-practice,OTHER,0,0,0,0.0,1.0,0.0,0.25,0,0,0,2.0,0,0.4342931658218504,1,0,0.0,37253669.402679,0,0.25,0,0,4,0.0,0
81,https://github.com/neran27/test2,OTHER,0,0,0,0.0,1.0,0.0,0.0,0,0,0,0.5,0,0.04351058207185226,116,0,0.0,66991480.482002,0,0.0,0,0,1,0.0,0
82,https://github.com/theironyard/sky-bootstrap-demo,OTHER,0,0,0,0.0,1.0,1.0,0.3333333333333333,0,0,0,1.0,0,0.5464839528571419,6,0,0.0,32381429.104408,0,0.3333333333333333,0,0,3,0.0,0
83,https://github.com/sandydrew/tsanddart,OTHER,0,0,0,0.13333333333333333,2.0,1.0,0.06666666666666667,0,0,0,2.142857142857143,0,0.6110390713534056,216,0,0.0,115936351.142503,0,0.3333333333333333,0,0,15,0.0,0
84,https://github.com/octocat/Spoon-Knife,OTHER,88449,0,2,0.0,1.0,1.0,0.25,0,0,0,2.0,0,0.4631077697466484,1407736,0,0.0,6056.384822,9960,0.0,0,9440,4,0.0,0
85,https://github.com/manish911/OTC,OTHER,0,0,0,0.0,1.0,1.0,0.0,0,0,0,3.0,0,0.49213461929016056,196,0,0.0,54728338.14793,0,0.0,0,1,6,0.0,0
86,https://github.com/Maffblaster/try_git,OTHER,0,0,0,0.0,1.0,0.0,0.0,0,0,0,2.0,0,0.3671630399811237,100,0,0.0,126980702.284261,0,0.0,0,0,6,0.0,0
87,https://github.com/Maffblaster/travis-broken-example,OTHER,0,0,0,0.0,1.0,1.0,0.0,0,0,0,2.5,0,0.42917936314866284,83,0,0.0,42652222.162803,0,0.2,0,0,5,0.0,0
88,https://github.com/taiqingmen/TestDemos,OTHER,0,0,0,0.0,1.0,0.0,0.0,0,0,0,1.0,0,0.5900058043958631,100,0,0.0,49560729.56655,0,0.0,0,0,2,0.0,0
89,https://github.com/typedow/HelloGit,OTHER,0,0,0,0.0,1.0,0.0,0.0,0,0,0,0.5,0,0.0,88,0,0.0,176669859.656807,1,0.0,0,0,1,0.0,0
90,https://github.com/recio862/TeamMe,OTHER,0,0,0,0.0,6.137931034482759,1.0,0.0,0,0,0,13.340909090909092,0,0.5773584692256782,2996,0,0.0,45363313.949054,0,0.4565587734241908,0,0,587,1.0,0
91,https://github.com/samuelcarrington/TestGitHub1,OTHER,0,0,0,0.0,1.0,1.0,0.0,0,0,0,1.0,0,0.2711239255280785,0,0,0.0,36894411.881052,0,0.0,0,0,2,0.0,0
92,https://github.com/DotTry/Test,OTHER,0,0,0,0.0,1.0,1.0,0.0,0,0,0,1.5,0,0.36668508949165185,128,0,0.0,54400268.568098,0,0.0,0,0,3,0.5,0
93,https://github.com/chadrem/domain_wow,OTHER,1,0,0,0.0,1.0,0.0,0.0,0,0,0,1.5,0,0.3696343204788333,92,0,0.0,188107631.537701,1,0.3333333333333333,0,0,3,0.0,0
94,https://github.com/tadzik/simpleburner,OTHER,0,0,0,0.0,1.0,0.0,0.0,0,0,0,2.0,0,0.5977274328369441,341,0,0.0,188106040.67189,1,0.5,0,0,4,0.0,0
95,https://github.com/mamapitufo/rojored-preloader-examples,OTHER,0,0,0,0.0,2.5,0.0,0.1,0,0,0,1.1111111111111112,0,0.6492077571437569,296,0,0.0,186891456.768951,1,0.1,0,0,10,0.0,0
96,https://github.com/PritiAtDure/imonitor-client-March,OTHER,0,0,0,0.0,1.0,1.0,0.0,0,0,0,0.6666666666666666,0,0.33357431240290814,104,0,0.0,58287380.724504,0,0.0,0,0,2,0.0,0
97,https://github.com/cuongtq01595/DEMO,OTHER,0,0,0,0.0,1.0,1.0,0.0,0,0,0,1.5,0,0.21097744843741903,140,0,0.0,43071541.873247,0,0.0,0,0,3,0.0,0
98,https://github.com/julianandreslucatelli/Prueba,OTHER,0,0,0,0.0,1.0,0.0,0.0,0,0,0,0.5,0,0.04337450815278568,0,0,0.0,34234472.383286,0,0.0,0,0,1,0.0,0
99,https://github.com/bhargavgajera/mytest,OTHER,0,0,0,0.0,1.0,0.0,0.0,0,0,0,1.0,0,0.34154216077224153,136,0,0.0,38654928.066834,0,0.0,0,0,2,0.0,0
100,https://github.com/gary7pick/general,OTHER,0,0,0,0.0,1.0,0.0,0.0,0,0,0,0.5,0,0.04337450815278568,56,0,0.0,101418099.951597,0,0.0,0,0,1,0.0,0
101,https://github.com/PeerJ/paper-now,OTHER,77,0,1,0.09090909090909091,1.25,13.0,0.24242424242424243,0,0,0,3.3,0,0.5956458550221427,7511,0,0.0,29036605.854385,570,0.06060606060606061,0,17,33,0.125,1
102,https://github.com/pulitta/Id_crawler,OTHER,0,0,0,0.0,1.0,0.0,0.0,0,0,0,1.0,0,0.28923123538133044,128,0,0.0,88292196.128099,1,0.5,0,0,2,0.0,0
103,https://github.com/asifamin48/dell,OTHER,0,0,0,0.0,1.0,1.0,0.0,0,0,0,1.0,0,0.15434779120369596,0,0,0.0,87361115.000842,0,0.0,0,0,2,0.0,0
104,https://github.com/pmacn/PowerShellScripts,OTHER,0,0,0,0.0,1.0,1.0,0.0,0,0,0,2.5,0,0.46426699102660607,7,0,0.0,35504622.762735,0,0.0,0,0,5,0.0,0
105,https://github.com/educadoralex/simpsons-in-css,OTHER,1,0,0,0.0,1.0,1.0,0.3333333333333333,0,0,0,5.0,0,0.5352230305615853,254,0,0.0,100953012.357736,0,0.0,0,0,15,0.0,0
106,https://github.com/BrianEnigma/srt2scc,OTHER,0,0,0,0.0,1.0,0.0,0.0,0,0,0,1.5,0,0.3987626028029562,89,0,0.0,173581313.924995,4,0.3333333333333333,0,0,3,0.0,0
107,https://github.com/believe517/pilearngit,OTHER,0,0,0,0.0,1.0,1.0,0.0,0,0,0,1.5,0,0.30174278140772787,128,0,0.0,46585812.430762,0,0.0,0,0,3,0.0,0
108,https://github.com/kimil/Off-Canvas-Hybrid,OTHER,0,0,1,0.0,1.0,0.0,0.2,0,0,0,5.0,0,0.5771140138391763,143,0,0.0,151576274.830035,0,0.25,0,0,20,0.0,0
109,https://github.com/naughtyclive/surge_config,OTHER,0,0,0,0.0,1.0,0.0,0.0,0,0,0,2.0,0,0.5020160070280767,132,0,0.0,39189635.636371,0,0.0,0,0,4,0.0,0
110,https://github.com/kryksyh/udev-joystick-blacklist,OTHER,0,0,2,0.0,1.0,1.0,0.0,0,0,0,2.5,0,0.5342407270444818,14,0,0.0,34814694.399074,0,0.2,0,0,5,0.0,0
111,https://github.com/seancookr/useful_modules,OTHER,0,0,0,0.0,1.0,1.0,0.0,0,0,0,2.0,0,0.30171256678945246,124,0,0.0,77650434.049038,1,0.5,0,0,4,0.0,0
112,https://github.com/knausb/srtoolbox,OTHER,0,0,0,0.0,1.0,1.0,0.0,0,0,0,2.0,0,0.4719081797077115,7,0,0.0,16864949.409029,0,0.5,0,0,4,0.0,0
113,https://github.com/AlvaroSR/test-repo,OTHER,0,0,0,0.0,1.0,3.0,0.1111111111111111,0,0,0,4.5,0,0.4995178530962868,248,0,0.0,74945438.255604,0,0.0,0,0,9,0.0,0
114,https://github.com/Santosel/hello-world,OTHER,0,0,0,0.0,1.0,1.0,0.0,0,0,0,1.0,0,0.28860454903912225,172,0,0.0,75092322.745292,0,0.0,0,0,2,0.0,0
115,https://github.com/ButuzGOL/dotfiles,OTHER,0,0,0,0.0,1.3333333333333333,1.0,0.0,0,0,0,3.0,0,0.5105256874140485,28,0,0.0,32268130.444299,0,0.2,0,1,15,0.0,0
116,https://github.com/jnowland/jamesnowland.com,OTHER,0,0,0,0.0,1.0,1.0,0.0,0,0,0,1.0,0,0.2408106775012668,0,0,0.0,89035789.8901,0,0.0,0,0,2,0.0,0
117,https://github.com/Cloudstem/open-docs,OTHER,0,0,0,0.0,1.0,1.0,0.0,2,0,0,1.0,0,0.27877166769226236,0,0,0.0,37778810.450443,0,0.0,0,0,2,0.0,0
118,https://github.com/titaniumbones/dotemacs,OTHER,0,0,1,0.0,1.0,0.0,0.0,0,0,0,2.3333333333333335,0,0.5906232444705468,152,0,0.0,48498268.289804,0,0.0,0,0,7,1.0,0
119,https://github.com/damienser/Signup,OTHER,0,0,0,0.0,1.0,1.0,0.0,0,0,0,1.0,0,0.3215839557414717,254,0,0.0,49363448.408419,0,0.0,0,0,2,0.0,0
120,https://github.com/myhfm/max,OTHER,0,0,0,0.0,1.0,0.0,0.0,0,0,0,2.5,0,0.5640610525499615,3292,0,0.0,70522311.100216,0,0.0,0,0,5,0.0,0
121,https://github.com/Mab879/scripts,OTHER,0,0,0,0.0,1.0,1.0,0.0,0,0,0,2.0,0,0.43344991189080423,96,0,0.0,163545897.845304,1,0.0,0,0,4,0.0,0
122,https://github.com/beatle90/ntp-formula,OTHER,0,0,0,0.0,2.6666666666666665,0.0,0.0,0,0,0,2.25,0,0.5530211913796916,44,0,0.0,34810545.454184,0,0.0,0,0,18,0.05555555555555555,0
123,https://github.com/dimazaicev88/game,OTHER,0,0,2,0.0,1.0,0.0,0.0,0,0,0,2.25,0,0.5148274794824992,176,0,0.0,128826494.193423,0,0.1111111111111111,0,0,9,0.0,0
124,https://github.com/bgreiner/test,OTHER,0,0,0,0.0,1.0,1.0,0.0,0,0,0,2.0,0,0.35422847868241664,111,0,0.0,43738535.280559,0,0.0,0,0,4,0.0,0
125,https://github.com/lburgos/try_git,OTHER,0,0,0,0.0,1.0,0.0,0.0,0,0,0,0.5,0,0.04337464346588535,88,0,0.0,136095584.706503,0,0.0,0,0,1,0.0,0
126,https://github.com/spez/RottenTomatoes,HW,0,0,5,0.0,2.6875,3.0,0.0,0,0,1,4.466666666666667,0,0.6263127138150778,2064,0,0.0,82672191.068096,0,0.21641791044776118,0,1,134,0.0,0
127,https://github.com/bcaffo/751and2,HW,25,0,0,0.20224719101123595,1.8,16.0,0.08426966292134831,0,11,0,8.090909090909092,0,0.8009733118346846,16773,0,0.09550561797752809,35873673.115393,7,0.0056179775280898875,0,2,178,0.0,2
128,https://github.com/uwhpsc-2016/example-python-homework,HW,7,0,0,0.0,1.0,1.0,0.0,0,1,3,2.3333333333333335,0,0.49422375637390575,7,0,0.0,24779867.452712,0,0.5714285714285714,0,4,7,0.0,2
129,https://github.com/Sushi-flakes/RubyHA,HW,0,0,0,0.0,1.0,0.0,0.0,0,2,0,1.0,0,0.598730589891074,104,0,0.0,126845490.976948,0,1.0,0,0,2,0.0,0
130,https://github.com/jmnx/Learning-OpenCV,HW,1,0,3,0.11728395061728394,3.3157894736842106,12.0,0.0,0,0,0,2.219178082191781,0,0.6394415848922472,39324,0,0.0,5387781.021374,0,0.46296296296296297,0,0,162,0.0,0
131,https://github.com/pcsforeducation/Homework,HW,9,0,2,0.0016339869281045752,2.525,0.0,0.0024509803921568627,0,0,2,21.103448275862068,0,0.5729541591447949,13056,0,0.0,109055764.107507,4,0.3790849673202614,0,0,1224,0.0,14
132,https://github.com/bcho/homework,HW,7,0,7,0.02701005025125628,3.097457627118644,14.0,0.029522613065326633,0,3,1,4.446927374301676,0,0.5667582381878876,46416,0,0.0043969849246231155,8533994.297953,7,0.457286432160804,0,1,1592,0.0,63
133,https://github.com/lyzcharles/HomeWork,HW,10,0,0,0.05,3.076923076923077,0.0,0.25,0,0,1,2.0,0,0.6073669737734256,1623,0,0.0,38234826.691581,0,0.3,0,0,40,0.0,3
134,https://github.com/ssercpp12/Homework,HW,10,0,0,0.0,2.7222222222222223,2.0,0.0,0,5,2,14.551724137931034,0,0.6194754602408145,2188,0,0.0,117386996.728276,1,0.06872037914691943,0,13,422,0.0,5
135,https://github.com/cvdlab-alumni/homework,HW,3,0,0,0.0,1.0,0.0,0.0,0,0,1,3.5,0,0.4383968298717039,170,0,0.0,153809383.428127,6,0.7142857142857143,0,0,7,0.0,2
136,https://github.com/kirbs-/edX-Learning-From-Data-Solutions,HW,65,0,0,0.027649769585253458,2.6491228070175437,28.0,0.027649769585253458,0,9,1,2.6144578313253013,0,0.6023411652098256,1134,0,0.018433179723502304,95317913.061214,73,0.5207373271889401,0,1,217,0.0,54
137,https://github.com/stilberk/HomeWork,HW,2,0,0,0.0,3.59375,1.0,0.0,0,1,2,2.803030303030303,0,0.47843854570000854,282,0,0.0,39268980.108299,0,0.2702702702702703,0,1,185,0.0,1
138,https://github.com/wanquanxiaowai/homework,HW,2,0,0,0.7272727272727273,1.75,0.0,0.045454545454545456,0,0,2,3.6666666666666665,0,0.8865123884535884,1844,0,0.0,99505211.719069,0,0.0,0,0,22,0.0,4
139,https://github.com/likebanana/Homework,HW,2,0,0,0.0,1.0,0.0,0.0,0,0,2,2.5,0,0.5159156796079369,418,0,0.0,84426574.584367,0,0.2,0,0,5,0.0,0
140,https://github.com/charmoniumQ/Homework,HW,0,0,0,0.03571428571428571,1.6153846153846154,1.0,0.0,0,0,2,6.588235294117647,0,0.6506046882113644,9316,0,0.24107142857142858,14776711.921126,4,0.16071428571428573,0,0,112,0.5,5
141,https://github.com/ELLIOTTCABLE/Homework,HW,0,0,0,0.0,3.0434782608695654,0.0,0.0,0,5,2,1.3777777777777778,0,0.5068879832765585,634,0,0.03225806451612903,9453558.522974,4,0.25806451612903225,0,0,62,0.0,6
142,https://github.com/wme7/aero-matlab,HW,41,0,9,0.0,2.328358208955224,0.0,0.11381772364552709,0,38,1,13.451977401129943,0,0.6125092746655042,38506,0,0.0029399412011759767,23561328.227586,33,0.7606047879042419,0,0,2381,0.0,5
143,https://github.com/anteaya/homework,HW,0,0,0,0.0,1.0,0.0,0.0,0,0,2,3.3333333333333335,0,0.44427951437800467,1332,0,0.0,251659630.403103,2,0.4,0,0,10,0.0,1
144,https://github.com/harababurel/homework,HW,0,0,9,0.0007930214115781126,3.8669950738916254,14.0,0.09278350515463918,0,40,2,4.409090909090909,0,0.5606199997549017,116200,0,0.0,11445.202597,3,0.31245043616177637,0,0,1261,0.0,34
145,https://github.com/elkorn/elixir-playground,HW,0,0,1,0.01639344262295082,4.0,1.0,0.0,0,0,0,2.259259259259259,0,0.5743178168869986,55,0,0.0,35612467.828466,0,0.04918032786885246,0,0,61,0.0,0
146,https://github.com/IrisCaffin/02-CollatzConjecture,HW,0,0,0,0.0,2.0,1.0,0.0,0,0,0,1.8,0,0.5380132626916044,6,0,0.0,32219025.575541,0,0.2222222222222222,0,0,9,0.0,0
147,https://github.com/sf-wdi-26/homework,HW,28,0,6389,0.0029622641509433963,6.236774769413865,14052.0,0.018566037735849056,0,11,2,4.0925060808463,0,0.5820358759351191,203510,0,0.0,25680055.021153,0,0.4859811320754717,0,2,106000,0.023255813953488372,388
148,https://github.com/bramwelt/homework,HW,4,0,0,0.01455604075691412,2.7596153846153846,1.0,0.004366812227074236,0,62,3,4.267080745341615,0,0.6518761438770848,55313,0,0.08733624454148471,59341814.068322,2,0.17612809315866085,0,0,687,0.0,184
149,https://github.com/pybursa/homeworks,HW,28,0,0,0.0,1.9933333333333334,1.0,0.0,0,352,1,4.469613259668508,0,0.5749150745771896,1567,0,0.0,68257849.638899,4,0.9196538936959209,0,0,809,0.0,96
150,https://github.com/qcl/ntu-homeworks,HW,10,0,0,0.036986301369863014,2.5245901639344264,9.0,0.021917808219178082,0,6,2,8.39080459770115,0,0.6235802214579275,62319,0,0.021917808219178082,70179682.45915,6,0.1643835616438356,0,0,730,0.0,2
151,https://github.com/AdoHe/Homework,HW,0,0,0,0.0,5.555555555555555,1.0,0.0,0,3,2,1.075,0,0.5534268539847003,475,0,0.0,46366550.10781,4,0.9709302325581395,0,0,172,0.0,13
152,https://github.com/seclab/homework,HW,0,0,0,0.0,1.0,0.0,0.0,0,0,2,3.5,0,0.27972476486845493,96,0,0.0,145246287.479347,3,0.0,0,0,7,0.0,0
153,https://github.com/StargazerYi/hw6-MyHomework,HW,71,0,3,0.013953488372093023,4.450980392156863,6.0,0.004651162790697674,0,12,2,2.5903614457831323,0,0.5791538498747062,1338,0,0.0,52066672.191133,0,0.2,0,1,215,0.0,0
154,https://github.com/sf-wdi-22-23/22-homework,HW,24,0,16,0.01465457083042568,4.010526315789473,113.0,0.10746685275645498,0,4,2,2.4084033613445377,0,0.5151965792205201,32896,0,0.0,31878984.746687,1,0.3279832519190509,0,13,1433,0.1,186
155,https://github.com/wally-fork/homework,HW,0,0,0,0.0,1.0,0.0,0.0,0,0,2,3.0,0,0.5143544616448105,92,0,0.0,216444401.895014,2,0.8333333333333334,0,0,6,0.0,2
156,https://github.com/frc1334/Programming-Assignments,HW,10,0,0,0.0,1.0,1.0,0.0,0,0,2,4.5,0,0.5103116156558741,592,0,0.0,72837113.94005,1,0.3333333333333333,0,0,9,0.0,9
157,https://github.com/1maithripal1/Programming-Assignments,HW,0,0,0,0.0,1.0,2.0,0.0,0,6,2,5.0,0,0.5039612279017208,103,0,0.0,102191057.084123,0,0.3,0,0,10,0.0,8
158,https://github.com/dimiturtrz/ruby-course-tasks-and-challenges,HW,0,0,5,0.0,1.0,10.0,0.02127659574468085,0,11,0,3.9166666666666665,0,0.5333123918416682,60,2,0.0,32682011.64385,0,0.5319148936170213,0,0,47,0.0,1
159,https://github.com/adifucan/devstudy,HW,0,0,0,0.0,1.0,0.0,0.5,0,1,0,1.0,0,0.3632352120385046,108,0,0.0,87775504.372352,0,0.0,0,0,2,0.0,0
160,https://github.com/ssrcruz/employee_reviews,HW,0,0,1,0.0,1.0,1.0,0.0,0,1,0,3.0,0,0.5524481448531936,135,0,0.0,62786618.536313,0,0.5,0,0,6,0.0,0
161,https://github.com/lorenazs/ProgrammingAssignment2,HW,0,0,0,0.0,1.0,1.0,0.0,0,0,2,1.5,0,0.38573320669476335,107,1,0.0,85252017.582496,0,0.0,0,0,3,0.0,2
162,https://github.com/andrewjli/gcj2014,HW,0,0,0,0.0,1.6666666666666667,3.0,0.0,0,0,0,3.2,0,0.48285921774646867,147,0,0.0,87708164.171251,0,0.1875,0,0,16,0.0,0
163,https://github.com/mastoj/kalender2015,HW,1,1,0,0.0,1.0,0.0,0.0,0,0,0,12.0,0,0.5512685969444235,42,0,0.0,34218784.821814,1,0.027777777777777776,0,0,36,0.0,0
164,https://github.com/RYWU/ComPro,HW,0,0,0,0.0,1.0,1.0,0.0,0,0,0,1.4285714285714286,0,0.454515324010407,5759,0,0.0,27842332.94492,0,0.5,0,1,10,0.5,6
165,https://github.com/yumenoshizuku/database-project,HW,0,0,0,0.043478260869565216,1.0,1.0,0.028985507246376812,0,0,0,13.8,0,0.8318960819988482,26260,0,0.0,68906893.507992,0,0.08695652173913043,0,0,69,1.0,0
166,https://github.com/matthewcook333/words,HW,0,0,0,0.0,1.5,0.0,0.0,0,0,0,1.2857142857142858,0,0.475770052962762,152,0,0.0,94241255.345006,0,0.1111111111111111,0,0,9,1.0,0
167,https://github.com/matthewcook333/cs182e,HW,0,0,0,0.0,1.0,0.0,0.0,0,0,0,3.0,0,0.4026956954873094,196,0,0.0,93922840.287885,0,0.16666666666666666,0,0,6,1.0,0
168,https://github.com/christianmonson/NumberProblems,HW,0,0,2,0.0,4.0,1.0,0.0,0,0,0,0.9411764705882353,0,0.6102666094663161,122,1,0.0,60903161.663203,0,0.15625,0,0,32,0.0,0
169,https://github.com/githubteacher/intro-november-2015,EDU,22,0,2,0.0,1.0,20.0,0.0,0,2,0,14.5,0,0.4884499886768733,999,2,0.0,36232738.912298,13,0.034482758620689655,0,45,29,0.0,4
170,https://github.com/MostlyAdequate/mostly-adequate-guide,EDU,780,0,6,0.2054794520547945,3.2857142857142856,19.0,0.0136986301369863,0,20,0,3.3181818181818183,0,0.7253101586250285,4319,0,0.0,1054831.683208,10344,0.3150684931506849,0,39,73,0.0,32
171,https://github.com/AllThingsSmitty/jquery-tips-everyone-should-know,EDU,439,0,0,0.0,1.7142857142857142,8.0,0.0,0,0,0,3.3333333333333335,0,0.5959334102632533,252,0,0.0,11291251.369915,3845,0.6666666666666666,0,3,30,0.0,0
172,https://github.com/DataScienceSpecialization/Developing_Data_Products,EDU,152,0,0,0.10588235294117647,1.736842105263158,1.0,0.11176470588235295,0,0,0,7.083333333333333,0,0.779210304599199,10730,1,0.0,2161110.170579,20,0.0,0,0,170,0.0,0
173,https://github.com/briandalessandro/DataScienceCourse,EDU,129,0,0,0.02247191011235955,2.0,1.0,0.011235955056179775,0,7,0,8.9,0,0.628963701354991,15860,3,0.0,4474130.445698,55,0.10112359550561797,0,1,89,0.5,4
174,https://github.com/codeschool/EmberCourseDemo,EDU,66,0,3,0.09615384615384616,2.5555555555555554,2.0,0.019230769230769232,0,0,0,4.0,0,0.5929036646399157,1794,2,0.0,92107724.674111,109,0.18269230769230768,0,0,208,0.0,0
175,https://github.com/jdleesmiller/latex-course,EDU,26,0,0,0.04838709677419355,1.0,1.0,0.0,0,19,0,15.5,0,0.6776951281244762,6362,2,0.45161290322580644,60145794.256798,56,0.016129032258064516,0,0,62,0.0,4
176,https://github.com/SAP/openSAP-ui5-course,EDU,77,1,0,0.0,3.559748427672956,1.0,0.12481857764876633,0,0,0,2.789473684210526,0,0.6103791514190191,138,3,0.0,15416665.35297,68,0.5645863570391872,0,0,689,0.0,9
177,https://github.com/rdpeng/CourseraLectures,EDU,36,0,0,0.0,1.0,0.0,0.0,0,0,0,15.5,0,0.6948093067747149,4660,3,0.4838709677419355,103267137.174436,11,0.0,0,0,31,0.0,0
178,https://github.com/schryer/python_course_material,EDU,44,0,14,0.0547945205479452,1.75,9.0,0.0,0,1,0,4.294117647058823,0,0.6222709370690162,13886,2,0.0,69404808.679945,14,0.1917808219178082,0,0,73,0.25,2
179,https://github.com/rhiever/python-data-visualization-course,EDU,22,0,5,0.09523809523809523,1.6666666666666667,1.0,0.0,0,5,0,3.5,0,0.6318440088007575,2194,2,0.0,23423050.571201,87,0.0,0,3,21,0.3333333333333333,0
180,https://github.com/iict-it227/homework-rocketship,EDU,25,0,1,0.2047244094488189,3.7777777777777777,1.0,0.11023622047244094,0,0,1,1.9242424242424243,0,0.6599916363365584,1270,0,0.0,37477054.249084,3,0.36220472440944884,0,0,127,0.1,10
181,https://github.com/cis198-2016s/homework,EDU,9,0,30,0.0,1.6,9.0,0.0,0,0,1,0.7058823529411765,0,0.5670729066263424,58,0,0.0,23410402.950626,26,0.0,0,0,12,0.0,3
182,https://github.com/agent-system/homework,EDU,24,0,19,0.0,1.5,4.0,0.0,0,0,2,2.125,0,0.5743507140090398,19584,0,0.0,26681833.029225,1,0.058823529411764705,0,46,17,0.0,8
183,https://github.com/ADAEPFL/Homework,EDU,27,0,2,0.058823529411764705,1.1428571428571428,8.0,0.0,0,0,3,1.8888888888888888,0,0.5633380603622482,17462,0,0.0,4438678.437912,12,0.0,0,0,17,0.5,6
184,https://github.com/sf-wdi-25/notes,EDU,25,0,64,0.06201550387596899,2.741573033707865,220.0,0.003875968992248062,0,112,0,1.8428571428571427,0,0.4496384141918711,1102,0,0.0,26265433.104248,2,0.06976744186046512,0,0,258,0.0,126
185,https://github.com/cis198-2016f/homework,EDU,4,0,14,0.0,1.0,8.0,0.0,0,0,1,1.1111111111111112,0,0.5580252729579607,39,0,0.0,4137179.202903,7,0.0,0,0,10,0.0,0
186,https://github.com/finabay/homework,EDU,10,0,0,0.0,1.0,1.0,0.0,0,0,1,1.0,0,0.3071763308318745,149,0,0.0,45327174.399995,0,0.0,0,1,2,0.0,0
187,https://github.com/UTK-geog415-s15/homework,EDU,3,0,1,0.06451612903225806,1.5714285714285714,3.0,0.16129032258064516,0,12,1,2.8181818181818183,0,0.587812727099599,50530,0,0.0,57384058.808891,0,0.0,0,0,31,0.25,15
188,https://github.com/dgpdec/course,EDU,45,0,0,0.0,1.9333333333333333,0.0,0.0,0,0,0,10.5,0,0.5448141351860205,57072,2,0.0,100656718.972182,137,0.38847117794486213,0,3,399,0.5,0
189,https://github.com/berkeley-cs186/course,EDU,9,0,1,0.0,7.533333333333333,6.0,0.0,0,7,0,3.125,0,0.5929721066223697,6,1,0.0,327569.19595,9,0.88,0,0,100,0.4,3
190,https://github.com/micrum/course,EDU,9,0,0,0.3333333333333333,1.3333333333333333,14.0,0.0,0,0,0,5.4,0,0.74745511947742,3794,2,0.0,36839270.34145,12,0.0,0,0,27,0.0,1
191,https://github.com/uwescience/datasci_course_materials,EDU,2439,0,2,0.0,2.1666666666666665,6.0,0.078125,0,5,0,3.2,0,0.6019248083188736,126465,3,0.0,1266552.61823,758,0.15625,0,40,64,0.0,19
192,https://github.com/EricSimons/ionic-course,EDU,151,0,10,0.015873015873015872,3.5789473684210527,9.0,0.031746031746031744,0,0,0,4.666666666666667,0,0.6029550848202904,4445,2,0.0,25834310.391507,250,0.24603174603174602,0,11,126,0.0,0
193,https://github.com/byorgey/haskell-course,EDU,21,0,0,0.09497206703910614,2.6666666666666665,0.0,0.0111731843575419,0,0,0,3.58,0,0.690149260146341,3994,3,0.00558659217877095,6301079.235365,211,0.30726256983240224,0,0,179,0.0,1
194,https://github.com/perl6/course,EDU,1,0,0,0.0,1.0,0.0,0.0,0,0,0,2.3333333333333335,0,0.5090222861871525,496,2,0.0,73539286.058714,3,0.0,0,0,7,0.0,0
195,https://github.com/arnicas/interactive-vis-course,EDU,28,0,42,0.01858736059479554,2.0,19.0,0.22862453531598512,0,5,0,9.275862068965518,0,0.5987447042812389,43466,2,0.0,24019574.682805,168,0.03531598513011153,0,0,538,0.0,12
196,https://github.com/XQueryInstitute/Course-Materials,EDU,9,0,18,0.011806981519507187,1.5263157894736843,19.0,0.0007700205338809035,0,3,0,155.84,0,0.5646875942789764,36330,2,0.0,57970698.707802,16,0.0,0,0,3896,0.08333333333333333,31
197,https://github.com/c1505/regex-lab-v-000,EDU,0,0,0,0.0,1.0,3.0,0.0,0,0,0,3.0,0,0.47275774926830677,8,0,0.0,33577640.239202,0,0.25,0,0,12,0.0,0
198,https://github.com/sincerekamal/Advance-Android-Tutorials,EDU,0,0,0,0.313915857605178,3.1595092024539877,1.0,0.0,0,2,0,1.2663934426229508,0,0.7223830489381325,5227,0,0.0,38876258.957833,0,0.12297734627831715,0,0,309,0.0,0
199,https://github.com/joeeames/MEANAppsFiles,EDU,105,0,0,0.0,1.0,1.0,0.0,0,0,0,3.5,0,0.5537185067750144,61,1,0.0,23239382.805113,114,0.0,0,0,7,0.0,0
200,https://github.com/alexis-datascience/courses,EDU,0,1,11,0.3145539906103286,7.19914346895075,237.0,0.04052384482332592,0,3,0,5.356717405691595,0,0.757955014231953,965282,3,0.0004941932295527551,75285820.180512,0,0.40214974054855446,0,0,8094,0.04,12
201,https://github.com/tiyd-rails-2015-01/employee_reviews,EDU,17,0,1,0.0,1.0,1.0,0.0,0,1,0,1.5,0,0.5535517266469183,427,0,0.0,56332414.611495,0,0.0,0,14,3,0.0,0
202,https://github.com/McNopper/OpenGL,EDU,222,0,2,0.0,2.3680981595092025,1.0,0.0,0,0,0,3.3521739130434782,0,0.6153204992413235,231423,0,0.0,3062469.254964,657,0.14267185473411154,0,1,771,0.0,0
203,https://github.com/github/maturity-model,DOCS,8,0,1,0.14285714285714285,1.0,2.0,0.0,0,1,0,2.3333333333333335,0,0.5649587047583563,1623,0,0.0,21432666.836616,24,0.0,0,1,7,0.0,1
204,https://github.com/bundestag/gesetze,DOCS,135,0,0,0.0,1.9998412698412698,6300.0,0.0,0,0,0,1.3690532637901058,0,0.7010542369664168,185337,0,0.0,81606704.2864,1336,0.0,0,38,8662,0.0,0
205,https://github.com/fsr-itse/docs,DOCS,7,0,0,0.0,1.0,4.0,0.0,1,0,0,2.5,0,0.48149856400555996,51,0,0.0,534318.889706,14,0.0,0,1,5,0.14285714285714285,0
206,https://github.com/ffimsl/Dokumente,DOCS,1,0,0,0.07692307692307693,1.0,4.0,0.0,0,0,0,6.5,0,0.743966198824508,652,0,0.0,16537039.714705,0,0.0,0,3,13,0.0,0
207,https://github.com/thinkingstone/dsa-documents,DOCS,2,0,0,0.041811846689895474,4.209677419354839,52.0,0.0,1,0,0,1.9523809523809523,0,0.6854127787422564,30304,0,0.0,16442819.928672,6,0.06968641114982578,0,1,287,0.0,5
208,https://github.com/firegento/verein,DOCS,3,0,0,0.13793103448275862,1.4285714285714286,17.0,0.0,0,0,0,2.9,0,0.6643399395055449,1971,0,0.034482758620689655,16013581.411259,3,0.0,0,1,29,0.0,10
209,https://github.com/madialting/dokumenter,DOCS,0,0,0,0.0,1.0,7.0,0.0,0,0,0,3.0,0,0.5625776098827475,147,0,0.0,23433694.508196,0,0.0,0,5,9,0.0,0
210,https://github.com/fscs/esag,DOCS,1,0,0,0.08333333333333333,1.0,1.0,0.0,0,0,0,6.0,0,0.6681558742389839,3871,0,0.375,72265129.090097,0,0.041666666666666664,0,0,24,0.6,1
211,https://github.com/WebAssembly/design,DOCS,367,0,0,0.0,1.0,26.0,0.0,1,0,0,9.666666666666666,0,0.5893162474561481,1335,0,0.0,14763.915234,6576,0.034482758620689655,0,103,29,0.0,2
212,https://github.com/GnomeAsiaSummit2015/Documents,DOCS,7,0,0,0.018518518518518517,1.0,1.0,0.0,2,0,0,7.714285714285714,0,0.9278013258832156,48381,0,0.0,56096339.632623,0,0.0,0,0,54,0.0,0
213,https://github.com/perl6/specs,DOCS,31,0,0,0.04,1.0,1.0,0.02,1,0,0,12.5,0,0.5949777920042378,6772,0,0.0,1250436.448582,119,0.0,0,40,50,0.005681818181818182,25
214,https://github.com/kbandla/APTnotes,DOCS,490,0,0,0.0,1.2857142857142858,5.0,0.0,1,2,0,17.88235294117647,0,0.9230153056145537,467076,0,0.0,1056925.856246,1422,0.003289473684210526,0,5,304,0.0,0
215,https://github.com/DeepskyLog/Documents,DOCS,3,0,1,0.40594059405940597,1.8181818181818181,12.0,0.0,1,0,0,5.9411764705882355,0,0.9152800760075858,131923,0,0.0,29938769.955281,0,0.0,0,4,101,0.0,1
216,https://github.com/ppau/documents,DOCS,3,0,0,0.043478260869565216,1.3333333333333333,1.0,0.2608695652173913,2,0,0,4.6,0,0.6453643190899679,715,0,0.08695652173913043,12060211.628303,1,0.17391304347826086,0,13,23,0.0,1
217,https://github.com/MikeL83/CV,DOCS,0,0,0,0.0,1.0,1.0,0.0,0,0,0,5.0,0,0.5735061331631984,504,0,0.1,61822659.047077,0,0.0,0,0,10,0.0,0
218,https://github.com/seriesseed/equity,DOCS,197,0,0,0.0,1.0,5.0,0.0,0,0,0,3.0,0,0.5021216331725548,939,0,0.0,22292238.338935,910,0.0,0,21,6,0.0,0
219,https://github.com/haya14busa/ios-build,DOCS,0,0,1,0.0,1.0,1.0,0.0,0,0,0,2.0,0,0.42907687667969485,116,0,0.0,109210216.504942,0,0.0,0,0,4,0.0,0
220,https://github.com/littenk/DotNetStack,DOCS,0,0,0,0.1,1.0,1.0,0.0,0,0,0,3.3333333333333335,0,0.5478563113791232,4098,0,0.0,45134517.377983,0,0.2,0,0,10,0.0,0
221,https://github.com/metacran/ropensci-commcall-2015,DOCS,0,0,0,0.0,1.0,1.0,0.0,0,0,0,4.0,0,0.6867459974800781,13044,0,0.0,45121741.121621,5,0.0,0,0,8,0.0,0
222,https://github.com/tollefson/tollefson.github.io,DOCS,0,0,0,0.0,1.0,1.0,0.25,1,0,0,1.3333333333333333,1,0.7149483356349196,2352,0,0.0,64174483.700465,1,0.0,0,0,4,0.0,0
223,https://github.com/rjanardan/js-the-new-parts,DOCS,1,0,0,0.046703296703296704,2.0625,2.0,0.008241758241758242,0,1,0,15.166666666666666,0,0.6495684590899238,23074,0,0.0,29787577.480088,0,0.7994505494505495,0,0,364,0.0,0
224,https://github.com/yelhouari/20141019-Moolah-Investigation,DOCS,0,0,0,0.11558854718981973,2.8,11.0,0.07582184517497349,0,1,0,13.568345323741006,0,0.7650062860174052,106031,0,0.0,70960231.443731,0,0.27836691410392367,0,0,1886,0.0,0
225,https://github.com/youtaya/objective-c-style-guide,DOCS,0,0,21,0.0,1.0,6.0,0.0,0,0,0,3.5,0,0.6770990935201279,175,0,0.0,67569177.62879,0,0.0,0,0,7,0.0,0
226,https://github.com/mathewsbabu/LearnDataScience,DOCS,0,0,1,0.3402777777777778,2.2857142857142856,2.0,0.0,0,0,0,11.076923076923077,0,0.6931144673264495,147850,0,0.0,72465145.206035,0,0.034722222222222224,0,0,144,0.0,0
227,https://github.com/tbandixen/Data-Mining,DOCS,0,0,0,0.0,1.0,1.0,0.0,0,0,0,5.0,0,0.5693859236031057,224,0,0.7333333333333333,92361860.687593,0,0.0,0,0,15,0.0,0
228,https://github.com/mmozuras/showoff-resharper,DOCS,0,0,0,0.0,1.0,24.0,0.0,0,3,0,3.111111111111111,0,0.5745992060856387,108,0,0.0,172987025.28649,0,0.0,0,0,28,0.0,1
229,https://github.com/eiinfuva/DatosMedioambientalesCYL,DOCS,0,0,0,0.3170731707317073,2.0,1.0,0.024390243902439025,0,0,0,2.9285714285714284,0,0.7214153083732635,15223,0,0.04878048780487805,34685596.816155,0,0.17073170731707318,0,0,41,0.0,0
230,https://github.com/wangwei0537/threadAndPackage,DOCS,0,0,0,0.1875,1.8333333333333333,4.0,0.03125,0,0,0,4.266666666666667,0,0.7794895843882603,21774,0,0.0,64568524.327819,0,0.296875,0,0,64,0.0,0
231,https://github.com/dbfun/sql-samples,DOCS,0,0,0,0.045454545454545456,1.0,21.0,0.0,0,0,0,7.333333333333333,0,0.6774808502808078,172,0,0.0,56068796.23739,7,0.0,0,0,22,0.0,0
232,https://github.com/xbezdick/clvm,DOCS,0,0,0,0.4,1.0,0.0,0.0,0,0,0,2.5,0,0.773453726362116,196,0,0.2,167340232.371162,1,0.0,0,0,5,0.0,0
233,https://github.com/gscott1967/datasharing,DOCS,0,0,2,0.0,1.0,1.0,0.0,0,0,0,0.5,0,0.5767160791999235,72,0,0.0,44891646.033442,0,0.0,0,0,1,0.0,0
234,https://github.com/xabier/comunes-conocimiento-democracia,DOCS,2,0,0,0.0,1.0,9.0,0.0,0,0,0,4.0,0,0.501040296613256,609,0,0.0,43979256.672849,5,0.0,0,0,12,0.0,0
235,https://github.com/Regloom/the-art-of-command-line,DOCS,0,0,11,0.07692307692307693,1.0,10.0,0.0,0,0,0,4.333333333333333,0,0.6555033875017825,3533,0,0.0,37353321.058497,0,0.0,0,0,13,0.022727272727272728,0
236,https://github.com/github/dmca,DOCS,264,0,0,0.0,1.1111111111111112,1677.0,0.0,0,3,0,161.1818181818182,0,0.593853073541832,2848,0,0.0,7771.939515,1373,0.0,0,0,1773,0.0,2
237,https://github.com/cirosantilli/write-free-science-books-to-get-famous-website,DOCS,2,0,1,0.0,1.0,2.0,0.0,0,0,0,1.0,0,0.5935380341406147,12,0,0.0,5937177.713429,11,0.0,1,0,2,0.0,0
238,https://github.com/spring-projects/spring-boot,DEV,9208,0,0,0.0018810251587114979,8.118290258449305,0.0,0.017634610862920293,0,8,0,1.4510406004776526,0,0.6110450816654757,47573,0,0.0,4033.105164,9730,0.7585233952504115,0,568,4253,0.007633587786259542,35
239,https://github.com/nodegit/nodegit,DEV,362,0,49,0.0,4.773648648648648,19.0,0.0,0,1,0,9.119891008174386,0,0.62851857597542,29240,0,0.0,215164.990888,2395,0.43143113235733493,0,163,3347,0.016129032258064516,3
240,https://github.com/nasa/XPlaneConnect,DEV,55,0,8,0.0,3.340909090909091,1.0,0.004761904761904762,0,0,0,2.8378378378378377,0,0.6069592108115618,18829,0,0.0,9604058.690451,109,0.3238095238095238,0,13,210,0.0,1
241,https://github.com/Top-Ranger/qnn,DEV,0,1,0,0.0,1.75,0.0,0.0,0,0,0,6.0,0,0.5888315472077736,249,0,0.0,16899500.056482,0,0.3888888888888889,0,0,36,0.0,1
242,https://github.com/sam-hobbs/harbour-hammerhead-torch,DEV,3,0,0,0.2413793103448276,1.7,1.0,0.0,0,0,0,2.0714285714285716,0,0.6970098008768083,236,0,0.0,98216.194783,0,0.06896551724137931,0,0,29,0.0,0
243,https://github.com/Top-Ranger/harbour-hiragana,DEV,2,0,0,0.8208955223880597,1.6,1.0,0.0,0,0,0,16.75,0,0.9062089219946905,393,0,0.0,22652959.922338,0,0.029850746268656716,0,0,134,0.0,4
244,https://github.com/Top-Ranger/bakery,DEV,0,0,6,0.0,2.3846153846153846,0.0,0.0,0,3,0,55.2,0,0.48966131838316,371,0,0.0,9267225.739624,0,0.018115942028985508,0,0,1104,0.0,0
245,https://github.com/Top-Ranger/SPtP,DEV,0,0,3,0.08333333333333333,2.5,0.0,0.009259259259259259,0,0,0,3.857142857142857,0,0.6457828780085949,7963,0,0.0,24532537.732841,0,0.35185185185185186,0,0,108,0.0,0
246,https://github.com/Top-Ranger/kana-keyboard,DEV,0,0,1,0.0,1.0,1.0,0.0,0,0,0,1.75,0,0.5916934966211839,11,0,0.0,26521359.950279,0,0.0,0,0,7,0.0,0
247,https://github.com/SpiderLabs/owasp-modsecurity-crs,DEV,299,0,10,0.0,1.9285714285714286,2.0,0.0,0,0,0,4.947368421052632,0,0.6077520897993559,25860,0,0.0,167674.839367,839,0.14893617021276595,0,101,94,0.0,0
248,https://github.com/qt/qtbase,DEV,156,0,114,0.09252536535418412,5.44977073780742,2.0,0.0013962580284836638,0,17,0,6.434860736747529,0,0.6036467949228516,278339,0,0.0,118429.874274,199,0.2072046914269757,0,0,21486,0.0027649769585253456,164
249,https://github.com/qt/qtquickcontrols2,DEV,10,0,1,0.25970873786407767,3.9661016949152543,2.0,0.0,0,0,0,12.237623762376238,0,0.6883724710345809,12297,0,0.0,188735.509328,28,0.09870550161812297,0,0,1236,0.0,4
250,https://github.com/mpv-player/mpv,DEV,645,0,1,0.004975124378109453,1.9714285714285715,5.0,0.0,0,0,0,12.306122448979592,0,0.6073899153516975,80544,0,0.0,5759.385823,4782,0.6119402985074627,0,338,603,0.005291005291005291,232
251,https://github.com/masmu/totem,DEV,0,0,1,0.0962962962962963,2.6515151515151514,0.0,0.0024691358024691358,0,0,0,4.5,0,0.6691024355050746,28472,0,0.0,35893229.743795,0,0.17777777777777778,0,0,405,0.007704160246533128,16
252,https://github.com/BVLC/caffe,DEV,9582,0,26,0.004754358161648178,2.3333333333333335,37.0,0.003169572107765452,0,0,0,8.643835616438356,0,0.6215082273075087,48911,0,0.0,68250.547425,15492,0.45166402535657685,0,940,631,0.04669260700389105,10
253,https://github.com/scikit-learn/scikit-learn,DEV,8914,0,4,0.04995374653098982,2.755813953488372,4.0,0.0009250693802035153,0,10,0,8.4453125,0,0.5912203572548809,79223,0,0.0,5966.33395,15960,0.6873265494912119,0,1171,1081,0.06345957011258956,84
254,https://github.com/astropy/astropy,DEV,646,0,9,0.017445132245357344,3.4615384615384617,2.0,0.0016882386043894203,0,0,0,9.207253886010363,0,0.5804194362023162,52554,0,0.0016882386043894203,23304.075623,1138,0.5891952729319077,0,797,1777,0.06882591093117409,47
255,https://github.com/allwinner-zh/linux-3.4-sunxi,DEV,56,0,60,0.0,3.8010299625468167,1.0,4.690871563936579e-05,0,57,0,14.477419354838709,0,0.6445290491066645,136622,0,2.3454357819682896e-05,11300150.468348,56,0.44042593113800543,0,9,42636,0.0,0
256,https://github.com/mozilla/gecko-dev,DEV,914,1,198,0.021833601095630647,6.328767123287672,226.0,0.3006334114672496,1,230,0,11.730593959990731,0,0.6069349102518096,3155348,0,6.584318786378361e-06,7429.986664,807,0.3007519292054044,0,1,151876,0.011535401750198886,3577
257,https://github.com/kno10/reversegeocode,DEV,1,0,5,0.15384615384615385,5.285714285714286,2.0,0.0,0,0,0,1.3448275862068966,0,0.6415332129329792,97536,0,0.0,35354204.497726,12,0.46153846153846156,0,0,39,0.0,2
258,https://github.com/foursquare/fsqio,DEV,16,0,11,0.013195098963242224,6.907801418439717,25.0,0.00471253534401508,0,6,0,3.7097902097902096,0,0.60225312121583,11798,0,0.0,1433631.003921,63,0.5164938737040528,0,14,1061,0.0,9
259,https://github.com/CraftingFish/LoL-DB,DEV,0,0,0,0.0,1.0,1.0,0.0,0,0,0,2.0,0,0.445003303705076,5,0,0.0,22562044.116163,2,0.5,0,0,4,0.0,0
260,https://github.com/paramaggarwal/course,DEV,2,0,6,0.2690730106644791,4.052631578947368,1.0,0.0008203445447087777,0,0,0,12.438775510204081,0,0.6796611037980042,4502,2,0.0,59154120.375426,0,0.6283839212469237,0,0,1219,0.0,0
261,https://github.com/ReinierKop/Panoptes-Front-End,DEV,0,0,0,0.022332506203473945,2.5555555555555554,3.0,0.0024813895781637717,0,4,0,10.891891891891891,0,0.6353205882577498,9735,0,0.0,38988320.008876,0,0.01488833746898263,0,0,403,0.03225806451612903,83
262,https://github.com/ghellwig/cmssw,DEV,0,0,51,0.00297109576372902,3.19356783919598,19.0,0.003207209334356492,0,427,0,7.673712818964216,0,0.6085397573369481,791479,0,9.838065442811325e-05,990207.358323,0,0.5668496546839029,0,0,50823,0.03806015960712093,1128
263,https://github.com/jonahoffline/linkshrinkex_web,DEV,0,0,0,0.0,2.1666666666666665,2.0,0.0,0,0,0,1.6923076923076923,0,0.5352664054907224,147,0,0.0,102523586.733214,2,0.0,0,0,22,0.0,0
264,https://github.com/bachi95/Goblin,DEV,2,0,0,0.0,1.0,0.0,0.0,0,0,0,27.333333333333332,0,0.5578718101495086,300,0,0.0,12775739.13481,4,0.45121951219512196,0,0,82,0.0,1
265,https://github.com/nvdnkpr/CamanJS,DEV,0,0,4,0.006802721088435374,2.0,1.0,0.5034013605442177,0,0,0,5.444444444444445,0,0.5859857252137702,7237,0,0.0,112430449.325859,0,0.09523809523809523,0,0,147,0.0,1
266,https://github.com/morrhola/pipboy3000,DEV,0,0,0,0.38697318007662834,4.533333333333333,2.0,0.022988505747126436,0,0,0,5.326530612244898,0,0.7294890770789463,17345,0,0.0,87103144.035394,0,0.13409961685823754,0,0,261,0.0,0
267,https://github.com/rocknrollMarc/sorcery-example-app,DEV,0,0,1,0.011764705882352941,2.130434782608696,0.0,0.03529411764705882,0,0,0,2.65625,0,0.5522691364595081,305,0,0.0,164461102.550893,0,0.5411764705882353,0,0,85,0.0,0
268,https://github.com/prodigeni/cgrep,DEV,0,0,0,0.0,2.875,1.0,0.018518518518518517,0,0,0,3.6,0,0.559341681830855,596,0,0.018518518518518517,81855534.079503,0,0.6481481481481481,0,0,54,0.0,0
269,https://github.com/alexromanelli/SudokuSolver,DEV,0,0,0,0.0,1.5,0.0,0.0,0,0,0,1.1666666666666667,0,0.4854427760240925,124,0,0.0,109267754.203281,0,0.2857142857142857,0,0,7,0.0,0
270,https://github.com/sciam/PUReIBM_PS2D_FD1D,DEV,3,0,0,0.0,2.642857142857143,0.0,0.0,0,0,0,8.473684210526315,0,0.6006122759027618,1309,0,0.0,18290833.908894,0,0.0,0,0,161,0.5,0
271,https://github.com/candiolli/springBoot,DEV,0,0,0,0.00398406374501992,4.5528455284552845,0.0,0.0,0,2,0,2.485148514851485,0,0.6141628432825008,33826,0,0.0,35087667.221327,0,0.0199203187250996,0,0,502,0.0,0
272,https://github.com/devsaurin/yaws,DEV,0,0,9,0.03534031413612566,2.597560975609756,1.0,0.014397905759162303,0,0,0,6.701754385964913,0,0.6200292768573449,13628,0,0.0013089005235602095,32513111.960853,0,0.21858638743455497,0,0,764,0.0,4
273,https://github.com/futuredayv/horsey,DEV,0,0,0,0.17391304347826086,1.3333333333333333,0.0,0.043478260869565216,0,0,0,4.6,0,0.637262932310699,893,0,0.0,46486944.790462,0,0.17391304347826086,0,0,23,0.0,0
274,https://github.com/bendspoons/ninja-allone,DEV,0,0,0,0.0,1.0,1.0,0.0,0,0,0,3.25,0,0.5621624471587842,69,0,0.0,35273817.289868,0,0.6153846153846154,0,0,13,0.0,0
275,https://github.com/ferronrsmith/zsh-completions,DEV,0,0,4,0.0,1.0,1.0,0.0,0,0,0,43.666666666666664,0,0.6284804759351956,1269,0,0.0,2767046.383861,0,0.007633587786259542,0,0,131,0.011235955056179775,8
276,https://github.com/prateekbs/caffe,DEV,0,0,25,0.007075471698113208,2.289473684210526,33.0,0.0047169811320754715,0,0,0,7.43859649122807,0,0.6223323774895327,36825,0,0.0,54754041.948203,0,0.4669811320754717,0,0,424,0.04201680672268908,7
277,https://github.com/KushalP/mailcheck-clj,DEV,0,0,0,0.0,1.6666666666666667,1.0,0.0,0,0,0,1.8333333333333333,0,0.520617201989268,168,0,0.0,115354788.903003,0,0.0,0,1,11,0.0,0
278,https://github.com/stagas/stringify-attrs,DEV,0,0,0,0.0,1.0,1.0,0.14285714285714285,0,0,0,2.3333333333333335,0,0.4919568860708588,108,0,0.0,116767607.017609,1,0.14285714285714285,0,0,7,0.0,0
279,https://github.com/hsarret/XcodeColors,DEV,0,0,1,0.0,1.0,0.0,0.0,0,0,0,3.75,0,0.5867559343432147,102,0,0.0,104934688.528077,0,0.2,0,0,15,0.0,0
280,https://github.com/dbieber/ScrabbleBot,DEV,1,1,0,0.7964071856287425,1.5555555555555556,0.0,0.0,0,0,0,13.916666666666666,0,0.7750019407085488,13876,0,0.0,69680641.92595,5,0.08982035928143713,0,0,167,1.0,0
281,https://github.com/freyk/CodeIgniter,DEV,0,0,7,0.0,3.3220338983050848,2.0,0.09506398537477148,0,0,0,6.287356321839081,0,0.6294092661807458,39374,0,0.0,58296891.058682,0,0.546617915904936,0,0,547,0.004842615012106538,12
282,https://github.com/vonwenm/go-web-monitor,DEV,2,0,0,0.0,1.0,1.0,0.0,0,0,0,1.7142857142857142,0,0.549640168610791,152,0,0.0,93078456.595796,1,0.5,0,0,12,0.0,0
283,https://github.com/xiebaochun/partygame-cocos2d-x,DEV,6,0,4,0.24317768344451182,5.344497607655502,6.0,0.00020214271275520516,0,18,0,6.987288135593221,0,0.6762474106009546,233432,0,0.0,64752429.748106,5,0.12593491004649282,0,0,4947,0.0,0
284,https://github.com/ghostoy/a-painter,DEV,1,0,0,0.0,1.0,1.0,0.4,0,0,0,1.6666666666666667,0,0.5029987185597328,191,0,0.0,101281387.944577,2,0.0,0,0,5,0.0,0
285,https://github.com/RedRobster2015/MidWars,DEV,0,0,0,0.0,1.0,1.0,0.0,0,0,0,2.75,0,0.5358816783070921,180,0,0.0,49668378.092683,0,0.2727272727272727,0,5,11,0.0,0
286,https://github.com/XinchengHan/xgboost,DEV,0,0,26,0.012755102040816327,2.9622641509433962,49.0,0.0,0,1,0,4.21505376344086,0,0.59997586593227,18873,0,0.0,33657643.262795,0,0.32653061224489793,0,0,392,0.0,4
287,https://github.com/SFTtech/openage,DEV,529,0,21,0.005201560468140442,2.3278688524590163,65.0,0.0,0,1,0,9.987012987012987,0,0.6018443943242713,6178,0,0.0,19116.366114,5488,0.4304291287386216,0,175,769,0.045871559633027525,22
288,https://github.com/nagyist/OpenRA,DEV,0,0,2,0.014925373134328358,2.9328358208955225,2.0,0.0,0,0,0,11.911111111111111,0,0.6303394935622757,53790,0,0.0,89035952.396114,0,0.3619402985074627,0,0,2144,0.0,13
289,https://github.com/kjaikeerthi/octokit,DEV,0,0,4,0.0,2.857142857142857,2.0,0.0,0,0,0,8.5,0,0.575320737969903,1263,0,0.0,147147893.710536,1,0.38235294117647056,0,0,136,0.0,2
290,https://github.com/stesh/porick,DEV,0,0,0,0.033707865168539325,2.764705882352941,1.0,0.0,0,0,0,3.7083333333333335,0,0.537900566960382,671,0,0.0,91866515.515967,0,0.48314606741573035,0,0,89,0.0,0
291,https://github.com/intfrr/PacketSender,DEV,0,0,1,0.5060240963855421,1.5,1.0,0.0,0,0,0,13.833333333333334,0,0.7756727596061734,2981,0,0.0,53465894.856252,0,0.12048192771084337,0,0,83,0.0,1
292,https://github.com/colelove/bootstrap,DEV,0,0,12,0.011049723756906077,2.7346938775510203,4.0,0.31767955801104975,0,0,0,5.934426229508197,0,0.6211978803678029,86514,0,0.0,53187423.111196,0,0.1685082872928177,0,0,362,0.014824797843665768,52
293,https://github.com/DragonRealms/DwarfForge,DEV,0,0,0,0.0,3.0,0.0,0.0,0,0,0,1.8,0,0.5875222481778961,597,0,0.0,116046854.670142,0,0.5555555555555556,0,0,18,0.0,2
294,https://github.com/ericfischer/housing-inventory,DATA,16,0,0,0.0,1.8888888888888888,1.0,0.0,0,0,0,6.127659574468085,0,0.5799082209408294,9465,0,0.0,8371426.056435,106,0.0,0,0,288,0.5,0
295,https://github.com/Hipo/university-domains-list,DATA,59,0,0,0.0,1.0,1.0,0.0,0,0,0,2.5,0,0.4867724014603539,826,0,0.0,49087.845239,118,0.0,0,3,5,0.030303030303030304,2
296,https://github.com/minimaxir/big-list-of-naughty-strings,DATA,734,0,0,0.0,1.3333333333333333,1.0,0.0,0,0,0,3.0,0,0.6063858960635611,310,0,0.0,26860.148711,19043,0.4,0,28,15,0.0,0
297,https://github.com/nasa/Open-Source-Catalog,DATA,56,0,1,0.0,1.0,1.0,0.0,0,0,0,2.5,0,0.5036412613078202,835,0,0.0,2233153.133375,84,0.0,0,0,5,0.0,0
298,https://github.com/Top-Ranger/SUR213,DATA,0,0,1,0.0,1.0,0.0,0.0,0,0,0,107.75,0,0.7640336128489068,188536,0,0.0,43134748.192106,0,0.0,0,0,431,0.0,0
299,https://github.com/caesar0301/awesome-public-datasets,DATA,2334,0,0,0.0,1.0,0.0,0.0,0,0,0,2.0,0,0.6000444483436862,377,0,0.0,580150.607358,16917,0.0,0,47,6,0.05673758865248227,1
300,https://github.com/ali-ce/datasets,DATA,43,0,0,0.0,1.0,13.0,0.0,0,0,0,3.217391304347826,0,0.6170766176678145,5062,0,0.0,57153271.058189,67,0.0,0,1,148,0.0,0
301,https://github.com/MyanmarAPI/dataset,DATA,7,0,0,0.8387096774193549,1.4,1.0,0.0,0,1,0,16.692307692307693,0,0.9225632717210717,28155,0,0.0,37423440.195745,5,0.004608294930875576,0,2,217,0.0,0
302,https://github.com/localytics/data-viz-challenge,DATA,25,0,0,0.0,1.0,1.0,0.0,0,0,0,2.0,0,0.4340177152746626,11075,0,0.0,11363881.675955,38,0.0,0,8,4,0.0,0
303,https://github.com/ParallelMazen/SaudiNewsNet,DATA,5,0,0,0.0,1.0,1.0,0.0,0,0,0,6.666666666666667,0,0.9313170466909513,59346,0,0.0,45766875.541806,24,0.0,0,0,20,0.0,0
304,https://github.com/emorisse/FBI-Hate-Crime-Statistics,DATA,9,0,0,0.0,1.0,1.0,0.0,0,0,0,2.3333333333333335,0,0.5250663080722134,154,0,0.0,6934910.754798,0,0.2857142857142857,0,0,7,0.0,0
305,https://github.com/graphhopper/open-traffic-collection,DATA,9,0,1,0.0,1.0,1.0,0.0,0,0,0,1.0,0,0.3466926008202294,13,0,0.0,865640.179702,33,0.0,0,0,2,0.0,1
306,https://github.com/cdipaolo/hub-db,DATA,4,0,1,0.0,1.4,1.0,0.0,0,0,0,52.0,0,0.6350720416095349,53730,0,0.0,33337423.644035,37,0.038461538461538464,0,0,364,0.0,0
307,https://github.com/datasets/country-codes,DATA,125,0,0,0.0,1.0,1.0,0.0,0,0,0,3.2,0,0.5766440873080559,226,0,0.0,514290.512042,276,0.5625,0,7,16,0.0,0
308,https://github.com/datasets/smdg-master-terminal-facilities-list,DATA,2,0,0,0.0,1.0,1.0,0.0,0,0,0,1.3333333333333333,0,0.4714404347086387,58,0,0.0,1588185.824462,0,0.0,0,0,4,0.0,0
309,https://github.com/datasets/world-cities,DATA,9,0,0,0.0,1.0,2.0,0.0,0,0,0,1.5,0,0.5050921368461008,303,0,0.0,13403005.208073,40,0.0,0,4,6,0.0,0
310,https://github.com/datasets/finance-vix,DATA,7,0,0,0.0,1.0,1.0,0.0,0,0,0,1.25,0,0.4530882138465245,186,0,0.0,13604306.011113,11,0.2,0,1,5,0.0,0
311,https://github.com/datasets/browser-stats,DATA,4,0,3,0.0,1.0,1.0,0.0,0,0,0,2.3333333333333335,0,0.45140865776265215,27,0,0.0,14979115.132211,15,0.14285714285714285,0,0,7,0.0,0
312,https://github.com/datasets/airport-codes,DATA,9,0,0,0.0,1.0,1.0,0.0,0,0,0,1.3333333333333333,0,0.4347175105711625,5295,0,0.0,15897477.63456,24,0.0,0,3,4,0.0,0
313,https://github.com/datasets/oil-prices,DATA,0,0,0,0.0,1.0,1.0,0.0,0,0,0,4.6,0,0.5416170927320828,281,0,0.0,20856575.391425,5,0.043478260869565216,0,0,23,0.0,0
314,https://github.com/fivethirtyeight/data,DATA,1701,0,4,0.0053285968028419185,1.0625,63.0,0.0,0,1,0,6.7023809523809526,0,0.5287379877097018,47934,0,0.0,2079339.362743,4791,0.015985790408525755,0,19,563,0.02857142857142857,1
315,https://github.com/jbencina/chelsea_twitter_dump,DATA,0,0,0,0.0,1.0,1.0,0.0,0,0,0,2.6666666666666665,0,0.6639318553528736,42167,0,0.0,10658348.2253,2,0.125,0,0,8,0.0,0
316,https://github.com/Chicago/osd-building-footprints,DATA,15,0,0,0.0,1.25,1.0,0.0,0,0,0,2.3333333333333335,0,0.5961720436705698,210393,0,0.0,45518477.734014,54,0.14285714285714285,0,2,14,0.0,0
317,https://github.com/Chicago/osd-pedway-routes,DATA,21,0,0,0.11764705882352941,1.25,2.0,0.0,0,0,0,2.8333333333333335,0,0.6151695524889372,216,0,0.0,46473235.181522,31,0.11764705882352941,0,0,17,0.25,0
318,https://github.com/tategallery/collection,DATA,77,0,11,0.0,2.9583333333333335,1.0,0.0,0,0,0,93.52056555269922,0,0.5221761749297723,221119,0,0.0,32497720.179792,321,5.497601671270908e-05,0,12,72759,0.0,0
319,https://github.com/Timh26/High-Schools,DATA,3,0,0,0.0,1.0,1.0,0.0,0,0,0,2.0,0,0.48868578711886096,292,0,0.0,102120708.087706,1,0.25,0,0,4,0.0,0
320,https://github.com/johnschrom/ambulatory-ehr-data,DATA,1,0,0,0.0,1.0,1.0,0.0,0,0,0,6.0,0,0.4857996218287565,34699,0,0.0,29544969.655645,5,0.16666666666666666,0,0,12,0.0,0
321,https://github.com/torontosj/League-of-Legends-Capstone,DATA,1,0,0,0.0,1.0,1.0,0.0,0,0,0,8.0,0,0.5968096154709218,11300,0,0.0,36237659.042313,3,0.0625,0,0,16,0.0,0
322,https://github.com/agbiotec/NYC_OPCCR,DATA,0,0,0,0.0,1.0,0.0,0.0,0,0,0,40.714285714285715,0,0.5521443222601835,1711,0,0.0,121212220.352343,0,0.014035087719298246,0,0,285,0.0,0
323,https://github.com/marcobrador/ble-device-info,DATA,1,0,0,0.0,1.0,1.0,0.0,0,0,0,2.0,0,0.3938296629716817,27,0,0.0,29129192.47105,0,0.0,0,0,4,0.0,0
324,https://github.com/shalom06/raw,DATA,0,0,0,0.0,1.0,0.0,0.0,0,0,0,151.5,0,0.5465945550939915,156,0,0.0,54638558.658476,0,0.0,0,0,303,0.0,0
325,https://github.com/fsship/Google-IPs,DATA,0,0,0,0.0,1.0,1.0,0.0,0,0,0,1.0,0,0.31963492739987887,385,0,0.0,74172824.834772,0,0.0,0,0,2,0.0,0
326,https://github.com/recalbox/recalbox-gamelists,DATA,17,0,0,0.0004322455154527772,2.857142857142857,3.0,0.0,0,7,0,478.6551724137931,0,0.9883123648244896,373046,0,0.0,14378238.869195,19,0.0,0,5,13881,0.0,0
